
INSERT INTO concesionaria VALUES 
(1,'Lo de pepe',0,NULL),
(2,'Jorge Julio Cars',0,NULL),
(3,'La estafa',0,NULL),
(4,'nombre',0,NULL),
(5,'nombre',0,NULL),
(6,'adsf',0,NULL),
(7,'lo de pepe',0,NULL);

INSERT INTO detalleventa VALUES 
(1,1,50,22,1100,1,'2019-10-16'),
(2,1,50,22,1100,0,NULL),
(2,2,50,22,1100,0,NULL),
(3,2,50,22,1100,0,NULL),
(7,2,4,450,1800,0,NULL),
(1,3,2,2,4,0,NULL),
(3,3,50,22,1100,0,NULL),
(6,3,4,800,3200,0,NULL);

INSERT INTO estacion VALUES 
(1,1,'Ensamble de chapa'),
(1,2,'Ensamble de chapa'),
(1,3,'Ensamble de chapa'),
(2,1,'Asientos'),
(2,2,'Asientos'),
(2,3,'Asientos'),
(3,1,'Instalación Eléctrica'),
(3,2,'Instalación Eléctrica'),
(3,3,'Instalación Eléctrica'),
(4,1,'Pintura'),
(4,2,'Pintura'),
(4,3,'Pintura'),
(5,1,'Carga de combustible y pruebas'),
(5,2,'Carga de combustible y pruebas'),
(5,3,'Carga de combustible y pruebas');

INSERT INTO estacionauto VALUES 
(1,3,'CGA-363','2019-01-29','2019-02-02'),
(2,3,'CGA-363','2019-02-03','2019-02-08'),
(3,3,'CGA-363','2019-02-09','2019-02-20'),
(4,3,'CGA-363','2019-02-21','2019-03-18'),
(1,3,'GVK-565','2019-02-03','2019-02-25'),
(2,3,'GVK-565','2019-02-26','2019-02-28'),
(3,3,'GVK-565','2019-03-29','2019-04-12'),
(4,3,'GVK-565','2019-04-13','2019-04-27'),
(1,2,'LMA-616','2019-10-31','2019-10-31'),
(2,2,'LMA-616','2019-10-31','2019-10-31'),
(3,2,'LMA-616','2019-10-31','2019-10-31'),
(4,2,'LMA-616','2019-10-31','2019-10-31'),
(5,2,'LMA-616','2019-10-31','2019-10-31'),
(1,1,'M1-01','2014-03-12','2014-04-13'),
(2,1,'M1-01','2014-04-14','2014-05-24'),
(3,1,'M1-01','2014-05-25','2014-07-04'),
(4,1,'M1-01','2014-07-05','2014-07-11'),
(5,1,'M1-01','2014-07-12','2014-07-15'),
(1,2,'M2-02','2012-11-06','2012-12-06'),
(2,2,'M2-02','2012-12-07','2012-12-26'),
(3,2,'M2-02','2012-12-27','2013-01-14'),
(4,2,'M2-02','2013-01-15','2013-02-18'),
(5,2,'M2-02','2013-02-19','2013-05-26'),
(1,3,'M3-03','2018-12-12','2018-12-28'),
(2,3,'M3-03','2018-12-29','2019-01-08'),
(3,3,'M3-03','2019-01-09','2019-01-14'),
(4,3,'M3-03','2019-01-15','2019-01-18'),
(5,3,'M3-03','2019-01-19','2019-02-15'),
(1,3,'MAN-538','2019-02-26','2019-03-07'),
(2,3,'MAN-538','2019-03-08','2019-03-16'),
(3,3,'MAN-538','2019-04-13','2019-04-25'),
(1,3,'XWS-964','2019-03-08','2019-03-12'),
(2,3,'XWS-964','2019-03-17','2019-03-20');

INSERT INTO insumo VALUES 
(1,'Cable',0,NULL),
(2,'Combustible',0,NULL),
(3,'Pintura',0,NULL),
(4,'ruedas',0,NULL),
(5,'asientos',0,NULL),
(6,'autopartes',0,NULL);

INSERT INTO lineademontaje VALUES 
(1,1),
(2,2),
(3,3);

INSERT INTO insumoEstacion VALUES
-- idestacion,idlineademontaje, idinsumo,cantidad
(1,1,6,23),
(1,2,6,21),
(1,3,6,20),
(2,1,5,4),
(2,2,5,4),
(2,3,5,4),
(3,1,1,80),
(3,2,1,105),
(3,3,1,98),
(4,1,3,15),
(4,2,3,8),
(4,3,3,11),
(5,1,2,35),
(5,2,2,37),
(5,3,2,40),

INSERT INTO modelo VALUES 
(1,'Acuatico',500),
(2,'Afibio',450),
(3,'4x4',800);

INSERT INTO pedidoinsumo VALUES 
(4,1,'2019-12-25',1200,1),
(5,2,'2019-12-27',1300,2),
(6,3,'2019-12-28',1200,5);

INSERT INTO proveedor VALUES 
(1,'Pepe Pistola',0,NULL),
(2,'Raul Rodriguez',0,NULL),
(3,'Roberto Pepino',0,NULL),
(4,'El amiwo',0,NULL),
(5,'El amiwo',0,NULL);

INSERT INTO proveedorinsumo VALUES 
(1,1,0,NULL);

INSERT INTO vehiculo VALUES 
('CGA-363',3,6,4,'2019-10-29',NULL),
('GVK-565',3,6,NULL,'2019-10-29',NULL),
('LMA-616',2,7,NULL,'2019-10-31','2019-10-31'),
('M1-01',1,2,NULL,'2014-03-12','2014-07-15'),
('M2-02',2,3,NULL,'2012-11-06','2013-05-26'),
('M3-03',3,1,NULL,'2018-12-12','2019-02-15'),
('MAN-538',3,6,NULL,'2019-10-29',NULL),
('MIE-925',2,7,NULL,'2019-10-31',NULL),
('QTW-114',2,7,NULL,'2019-10-31',NULL),
('UGT-266',2,7,NULL,'2019-10-31',NULL),
('XWS-964',3,6,NULL,'2019-10-29',NULL);

INSERT INTO venta VALUES 
(1,'2018-12-12',1,'20419120929',0,NULL),
(2,'2014-03-12',2,'20419120929',0,NULL),
(3,'2012-11-06',3,'20419120929',0,NULL),
(4,'2019-10-13',1,'20419120929',0,NULL),
(5,'2019-10-16',1,'20419120929',0,NULL),
(6,'2019-01-29',3,'20369825551',0,NULL),
(7,'2019-10-31',2,'20369825551',0,NULL);
